[
  {
    "value": "jeans",
    "synonyms": [
      "jeans",
      "jean"
    ]
  },
  {
    "value": "pants",
    "synonyms": [
      "pants",
      "pant"
    ]
  },
  {
    "value": "kurta",
    "synonyms": [
      "kurta",
      "kurtas"
    ]
  },
  {
    "value": "pajama",
    "synonyms": [
      "pajama",
      "pajamas"
    ]
  },
  {
    "value": "laptop",
    "synonyms": [
      "laptop"
    ]
  },
  {
    "value": "mobiles",
    "synonyms": [
      "mobiles",
      "mobile",
      "phone",
      "electronic"
    ]
  },
  {
    "value": "tshirt",
    "synonyms": [
      "tshirt",
      "tshirts"
    ]
  },
  {
    "value": "shoes",
    "synonyms": [
      "shoes",
      "shoe"
    ]
  },
  {
    "value": "phone",
    "synonyms": [
      "phone",
      "phones"
    ]
  },
  {
    "value": "mobile accessories",
    "synonyms": [
      "mobile accessories"
    ]
  },
  {
    "value": "sport",
    "synonyms": [
      "sport",
      "sports"
    ]
  },
  {
    "value": "formal",
    "synonyms": [
      "formal",
      "formals"
    ]
  },
  {
    "value": "reebok",
    "synonyms": [
      "reebok"
    ]
  },
  {
    "value": "fila",
    "synonyms": [
      "fila"
    ]
  },
  {
    "value": "saris",
    "synonyms": [
      "saris",
      "sarees"
    ]
  },
  {
    "value": "jewellery",
    "synonyms": [
      "jewellery",
      "jewels"
    ]
  },
  {
    "value": "men",
    "synonyms": [
      "men",
      "mens",
      "gents",
      "male"
    ]
  },
  {
    "value": "women",
    "synonyms": [
      "women",
      "woman",
      "female"
    ]
  },
  {
    "value": "football",
    "synonyms": [
      "football",
      "soccer"
    ]
  },
  {
    "value": "cricket",
    "synonyms": [
      "cricket"
    ]
  },
  {
    "value": "bat",
    "synonyms": [
      "bat",
      "bats"
    ]
  },
  {
    "value": "ball",
    "synonyms": [
      "ball"
    ]
  },
  {
    "value": "watches",
    "synonyms": [
      "watches",
      "watch"
    ]
  },
  {
    "value": "titan",
    "synonyms": [
      "titan"
    ]
  },
  {
    "value": "swatch",
    "synonyms": [
      "swatch"
    ]
  },
  {
    "value": "makeup",
    "synonyms": [
      "makeup",
      "makeup kit"
    ]
  },
  {
    "value": "sunscreen",
    "synonyms": [
      "sunscreen"
    ]
  },
  {
    "value": "lotion",
    "synonyms": [
      "lotion",
      "bodylotion"
    ]
  },
  {
    "value": "shirt",
    "synonyms": [
      "shirt",
      "shirts"
    ]
  },
  {
    "value": "boy",
    "synonyms": [
      "boy",
      "boys",
      "child",
      "children",
      "childrens"
    ]
  },
  {
    "value": "girl",
    "synonyms": [
      "girl",
      "girls",
      "child",
      "children",
      "childrens"
    ]
  }
]