[
  {
    "id": "0c9c9d11-df8d-4b8c-8092-46e020df1425",
    "data": [
      {
        "text": "Hello!",
        "userDefined": false
      }
    ],
    "isTemplate": false,
    "count": 0,
    "updated": 1523250433
  },
  {
    "id": "39c9366d-7842-4f00-994f-72e41dd1d635",
    "data": [
      {
        "text": "Hi!",
        "userDefined": false
      }
    ],
    "isTemplate": false,
    "count": 0,
    "updated": 1523250433
  },
  {
    "id": "3827a6d5-2246-4c65-a23e-7ef3cf2542aa",
    "data": [
      {
        "text": "What\u0027s up?",
        "userDefined": false
      }
    ],
    "isTemplate": false,
    "count": 0,
    "updated": 1523250433
  },
  {
    "id": "b06a5cf3-ce20-4b40-9918-64845d4f6e55",
    "data": [
      {
        "text": "Hi",
        "userDefined": false
      }
    ],
    "isTemplate": false,
    "count": 0,
    "updated": 1523250433
  },
  {
    "id": "184baf89-7b4d-49eb-895a-6de61c61fb2e",
    "data": [
      {
        "text": "Hello",
        "userDefined": false
      }
    ],
    "isTemplate": false,
    "count": 0,
    "updated": 1523250433
  }
]