[
  {
    "id": "d9abe3e8-632e-4d76-8574-b89564448b91",
    "data": [
      {
        "text": "और कुछ दिखाओ",
        "userDefined": true
      }
    ],
    "isTemplate": false,
    "count": 0
  },
  {
    "id": "585f2195-892a-4f4d-a10c-8dfb3df1f12c",
    "data": [
      {
        "text": "और नतीजे",
        "userDefined": true
      }
    ],
    "isTemplate": false,
    "count": 0
  },
  {
    "id": "583541f6-820b-45b1-a2ae-2825872b4f44",
    "data": [
      {
        "text": "और भी हैं",
        "userDefined": true
      }
    ],
    "isTemplate": false,
    "count": 0
  },
  {
    "id": "904dca3f-90e2-484f-a08b-ab63aa12fc50",
    "data": [
      {
        "text": "और कुछ",
        "userDefined": true
      }
    ],
    "isTemplate": false,
    "count": 0
  },
  {
    "id": "4fcafdea-f8a1-40a7-865e-a17b89df557b",
    "data": [
      {
        "text": "और कुछ बताओ",
        "userDefined": true
      }
    ],
    "isTemplate": false,
    "count": 0
  },
  {
    "id": "ff26043e-c5df-4868-a6ed-4bedd4da8062",
    "data": [
      {
        "text": "दूसरे नतीजे",
        "userDefined": true
      }
    ],
    "isTemplate": false,
    "count": 0
  },
  {
    "id": "925602b5-c69a-430e-8a99-1d6703cb673a",
    "data": [
      {
        "text": "और क्या?",
        "userDefined": true
      }
    ],
    "isTemplate": false,
    "count": 0
  },
  {
    "id": "454fe528-16b0-4c4d-84fa-76cdc625fa51",
    "data": [
      {
        "text": "ज़्यादा जानकारी",
        "userDefined": true
      }
    ],
    "isTemplate": false,
    "count": 0
  },
  {
    "id": "43fc8ca3-958a-4abf-9b7e-b23aaa024bff",
    "data": [
      {
        "text": "और",
        "userDefined": true
      }
    ],
    "isTemplate": false,
    "count": 0
  }
]