[
  {
    "id": "1b1588f9-c5a6-4da4-b52d-33469d9156cf",
    "data": [
      {
        "text": "I need new ",
        "userDefined": false
      },
      {
        "text": "headphones",
        "alias": "unit-weight-name",
        "meta": "@sys.unit-weight-name",
        "userDefined": true
      }
    ],
    "isTemplate": false,
    "count": 0,
    "updated": 1523346262
  },
  {
    "id": "e13c89bb-e980-4daa-b46a-885a034f010f",
    "data": [
      {
        "text": "I want some ",
        "userDefined": false
      },
      {
        "text": "headphones",
        "alias": "unit-weight-name",
        "meta": "@sys.unit-weight-name",
        "userDefined": true
      }
    ],
    "isTemplate": false,
    "count": 0,
    "updated": 1523346262
  },
  {
    "id": "7a949353-9e26-4cd3-8121-11e0ae742a7a",
    "data": [
      {
        "text": "New headphones",
        "userDefined": false
      }
    ],
    "isTemplate": false,
    "count": 0,
    "updated": 1523346262
  }
]