[
  {
    "id": "7f799455-b87d-4aed-abe3-c906773e484b",
    "data": [
      {
        "text": "Jeans: ",
        "userDefined": false
      },
      {
        "text": "30",
        "alias": "number",
        "meta": "@sys.number",
        "userDefined": false
      }
    ],
    "isTemplate": false,
    "count": 0,
    "updated": 1523339562
  },
  {
    "id": "c276ac2e-3133-4936-a714-fe1170d2fe5b",
    "data": [
      {
        "text": "My jeans size is ",
        "userDefined": false
      },
      {
        "text": "30",
        "alias": "number",
        "meta": "@sys.number",
        "userDefined": false
      }
    ],
    "isTemplate": false,
    "count": 1,
    "updated": 1523339562
  },
  {
    "id": "9d5e3aea-10d4-40e8-8389-b5fd524d62ca",
    "data": [
      {
        "text": "My waist size is ",
        "userDefined": false
      },
      {
        "text": "30",
        "alias": "number",
        "meta": "@sys.number",
        "userDefined": false
      }
    ],
    "isTemplate": false,
    "count": 0,
    "updated": 1523339562
  }
]