[
  {
    "id": "70bca2bc-7913-425c-bd09-e56adc70ee95",
    "data": [
      {
        "text": "show me a new mobile phone",
        "userDefined": false
      }
    ],
    "isTemplate": false,
    "count": 0,
    "updated": 1524981992
  },
  {
    "id": "cd20a09d-6f07-47aa-a431-28404312f70c",
    "data": [
      {
        "text": "show me good phones",
        "userDefined": false
      }
    ],
    "isTemplate": false,
    "count": 0,
    "updated": 1524981992
  },
  {
    "id": "9eed111b-42ea-42bd-b01e-0e33aa5a96a6",
    "data": [
      {
        "text": "i want to buy a phone",
        "userDefined": false
      }
    ],
    "isTemplate": false,
    "count": 0,
    "updated": 1524981992
  },
  {
    "id": "a6c4f33a-35ab-468b-a7a8-a4849b7d9616",
    "data": [
      {
        "text": "i want to buy a new mobile phone",
        "userDefined": false
      }
    ],
    "isTemplate": false,
    "count": 0,
    "updated": 1524981992
  }
]