[
  {
    "id": "75521ef5-dcee-4269-a684-58fde1cd6a6f",
    "data": [
      {
        "text": "more",
        "userDefined": false
      }
    ],
    "isTemplate": false,
    "count": 0,
    "updated": 0
  },
  {
    "id": "f5dcaf73-eb39-4198-a796-1eda76f423bb",
    "data": [
      {
        "text": "more results",
        "userDefined": false
      }
    ],
    "isTemplate": false,
    "count": 0,
    "updated": 0
  },
  {
    "id": "35c48d2a-dfcd-446c-add6-e18c737d5586",
    "data": [
      {
        "text": "tell me more",
        "userDefined": false
      }
    ],
    "isTemplate": false,
    "count": 0,
    "updated": 0
  },
  {
    "id": "fd438cd1-a5af-433c-ab84-b52cbc7ee937",
    "data": [
      {
        "text": "what else",
        "userDefined": false
      }
    ],
    "isTemplate": false,
    "count": 0,
    "updated": 0
  },
  {
    "id": "0b59534d-d99b-40c5-8b1d-d0a9f34b03df",
    "data": [
      {
        "text": "anything else",
        "userDefined": false
      }
    ],
    "isTemplate": false,
    "count": 0,
    "updated": 0
  },
  {
    "id": "425f110f-d485-47fc-bc9b-80dcebad9abe",
    "data": [
      {
        "text": "other results",
        "userDefined": false
      }
    ],
    "isTemplate": false,
    "count": 0,
    "updated": 0
  },
  {
    "id": "67a14e29-fef0-4022-be0a-fe6a6863bf03",
    "data": [
      {
        "text": "are there more",
        "userDefined": false
      }
    ],
    "isTemplate": false,
    "count": 0,
    "updated": 0
  },
  {
    "id": "fdc283b3-53c8-4bcd-9959-4009c8f23907",
    "data": [
      {
        "text": "more information",
        "userDefined": false
      }
    ],
    "isTemplate": false,
    "count": 0,
    "updated": 0
  },
  {
    "id": "6804d959-d905-4f95-a084-e1ecc255065b",
    "data": [
      {
        "text": "show me more",
        "userDefined": false
      }
    ],
    "isTemplate": false,
    "count": 0,
    "updated": 0
  }
]