[
  {
    "id": "4b1bf9df-bf3c-40f5-a0e8-00e657d61955",
    "data": [
      {
        "text": "और भी हैं",
        "userDefined": true
      }
    ],
    "isTemplate": false,
    "count": 0
  },
  {
    "id": "cf67c60d-2d9c-4765-85db-2520b8f612ce",
    "data": [
      {
        "text": "दूसरे नतीजे",
        "userDefined": true
      }
    ],
    "isTemplate": false,
    "count": 0
  },
  {
    "id": "37cfc98c-bdfe-4c40-85c4-ba35c15b6138",
    "data": [
      {
        "text": "और नतीजे",
        "userDefined": true
      }
    ],
    "isTemplate": false,
    "count": 0
  },
  {
    "id": "16c90d18-4888-4064-9437-0b4d4786837e",
    "data": [
      {
        "text": "और कुछ",
        "userDefined": true
      }
    ],
    "isTemplate": false,
    "count": 0
  },
  {
    "id": "52baad3a-cf61-49a3-92d1-48de90b58c58",
    "data": [
      {
        "text": "और कुछ दिखाओ",
        "userDefined": true
      }
    ],
    "isTemplate": false,
    "count": 0
  },
  {
    "id": "2b73b0c6-3d9e-4262-a7fc-09ff3e68252a",
    "data": [
      {
        "text": "ज़्यादा जानकारी",
        "userDefined": true
      }
    ],
    "isTemplate": false,
    "count": 0
  },
  {
    "id": "b30e692b-4bd5-40b6-965e-fcab3fa8fb34",
    "data": [
      {
        "text": "और क्या?",
        "userDefined": true
      }
    ],
    "isTemplate": false,
    "count": 0
  },
  {
    "id": "97cd4051-a992-414a-a461-471d89e2ec15",
    "data": [
      {
        "text": "और",
        "userDefined": true
      }
    ],
    "isTemplate": false,
    "count": 0
  },
  {
    "id": "ce87bf46-126a-4add-a911-0b7c39b6b025",
    "data": [
      {
        "text": "और कुछ बताओ",
        "userDefined": true
      }
    ],
    "isTemplate": false,
    "count": 0
  }
]