[
  {
    "id": "4f32c9c0-e413-4986-9d72-26bbbe1d17ac",
    "data": [
      {
        "text": "I want new shoes",
        "userDefined": false
      }
    ],
    "isTemplate": false,
    "count": 0,
    "updated": 1523255666
  },
  {
    "id": "9f73cf78-59c2-490c-9a86-8cadc16c83b7",
    "data": [
      {
        "text": "Show me some shoes",
        "userDefined": false
      }
    ],
    "isTemplate": false,
    "count": 0,
    "updated": 1523255666
  },
  {
    "id": "503301b0-d848-4c2a-a10c-ddb253da598f",
    "data": [
      {
        "text": "Suggest some ",
        "userDefined": false
      },
      {
        "text": "Nikes",
        "meta": "@sys.ignore",
        "userDefined": false
      }
    ],
    "isTemplate": false,
    "count": 0,
    "updated": 1523255666
  },
  {
    "id": "c6faa0bf-fd42-49f8-a708-6c4e48da39bd",
    "data": [
      {
        "text": "I need new shoes",
        "userDefined": false
      }
    ],
    "isTemplate": false,
    "count": 0,
    "updated": 1523255666
  },
  {
    "id": "0ab87892-984f-4cbb-bb5f-695d6807f452",
    "data": [
      {
        "text": "New shoes",
        "userDefined": false
      }
    ],
    "isTemplate": false,
    "count": 0,
    "updated": 1523255666
  },
  {
    "id": "866f2e7a-620d-4169-9350-0a587e1a697d",
    "data": [
      {
        "text": "I want to buy shoes",
        "userDefined": false
      }
    ],
    "isTemplate": false,
    "count": 0,
    "updated": 1523255666
  }
]