[
  {
    "id": "3385ca78-21f8-4ae9-b3a7-cb4c9e81b48a",
    "data": [
      {
        "text": "repeat",
        "userDefined": false
      }
    ],
    "isTemplate": false,
    "count": 0,
    "updated": 1525081738
  },
  {
    "id": "58e1ad60-2003-427f-b161-abc199450d32",
    "data": [
      {
        "text": "come again",
        "userDefined": false
      }
    ],
    "isTemplate": false,
    "count": 0,
    "updated": 1525081738
  },
  {
    "id": "312d3ebe-72b6-4eb7-8d60-12b2541e36bd",
    "data": [
      {
        "text": "say it again",
        "userDefined": false
      }
    ],
    "isTemplate": false,
    "count": 0,
    "updated": 1525081738
  },
  {
    "id": "acdf6d74-a9ac-4ec2-abb0-cf1b6c8c0f79",
    "data": [
      {
        "text": "do it again",
        "userDefined": false
      }
    ],
    "isTemplate": false,
    "count": 0,
    "updated": 1525081738
  },
  {
    "id": "fe01dd2d-a8c5-47e9-9526-bb99d9d04d15",
    "data": [
      {
        "text": "repeat what you\u0027ve just said",
        "userDefined": false
      }
    ],
    "isTemplate": false,
    "count": 0,
    "updated": 1525081738
  },
  {
    "id": "d53c141c-0fba-4489-8a2c-d4b6f8c088fe",
    "data": [
      {
        "text": "sunglasses for women",
        "userDefined": false
      }
    ],
    "isTemplate": false,
    "count": 0,
    "updated": 1525081738
  },
  {
    "id": "faabafa0-526a-404b-97a2-9c10e5d3417c",
    "data": [
      {
        "text": "ladies sunglasses",
        "userDefined": false
      }
    ],
    "isTemplate": false,
    "count": 0,
    "updated": 1525081738
  },
  {
    "id": "9a7e22c3-0cdb-44ce-ba82-2f4bdd3ff3f1",
    "data": [
      {
        "text": "could you repeat that",
        "userDefined": false
      }
    ],
    "isTemplate": false,
    "count": 0,
    "updated": 1525081738
  },
  {
    "id": "4132ac2d-e4c3-4378-84d7-a9c2942b50b6",
    "data": [
      {
        "text": "lower than ",
        "userDefined": false
      },
      {
        "text": "2000",
        "alias": "number",
        "meta": "@sys.number",
        "userDefined": false
      }
    ],
    "isTemplate": false,
    "count": 0,
    "updated": 1525081738
  },
  {
    "id": "922c77c3-cf3b-4b14-9c62-ab08af7deae5",
    "data": [
      {
        "text": "glasses for girls",
        "userDefined": false
      }
    ],
    "isTemplate": false,
    "count": 0,
    "updated": 1525081738
  },
  {
    "id": "c3af6534-215c-4974-a66e-2da00a66d5b1",
    "data": [
      {
        "text": "say the same again",
        "userDefined": false
      }
    ],
    "isTemplate": false,
    "count": 0,
    "updated": 1525081738
  },
  {
    "id": "91ccd397-a829-4e53-860e-083e7e355ad1",
    "data": [
      {
        "text": "repeat these results",
        "userDefined": false
      }
    ],
    "isTemplate": false,
    "count": 0,
    "updated": 1525081738
  },
  {
    "id": "6acfc719-2886-4ed7-8f8a-825f5d4649fb",
    "data": [
      {
        "text": "repeat it",
        "userDefined": false
      }
    ],
    "isTemplate": false,
    "count": 0,
    "updated": 1525081738
  },
  {
    "id": "72e258cd-b9e3-4014-b583-6c1100a4b131",
    "data": [
      {
        "text": "please repeat that",
        "userDefined": false
      }
    ],
    "isTemplate": false,
    "count": 0,
    "updated": 1525081738
  }
]