[
  {
    "id": "1636bbaa-23c8-4c08-bed2-4426e7d99977",
    "data": [
      {
        "text": "फिर से कहना ज़रा",
        "userDefined": true
      }
    ],
    "isTemplate": false,
    "count": 0
  },
  {
    "id": "a746917a-9e7c-4b67-8a7b-ea284019cda8",
    "data": [
      {
        "text": "फिर से करो",
        "userDefined": true
      }
    ],
    "isTemplate": false,
    "count": 0
  },
  {
    "id": "435df905-e045-4d2f-b6fd-c4aba9e0d983",
    "data": [
      {
        "text": "क्या कहा",
        "userDefined": true
      }
    ],
    "isTemplate": false,
    "count": 0
  },
  {
    "id": "ac3059f5-f008-47ca-a098-9fe5044d9cd0",
    "data": [
      {
        "text": "फिर से कहो",
        "userDefined": true
      }
    ],
    "isTemplate": false,
    "count": 1
  },
  {
    "id": "9667940b-ea76-48ca-a9e8-66c33910c48b",
    "data": [
      {
        "text": "एक बार फिर कहना",
        "userDefined": true
      }
    ],
    "isTemplate": false,
    "count": 0
  },
  {
    "id": "b91467cd-7563-4f9d-9e66-d20a4e3ee03e",
    "data": [
      {
        "text": "ख़ुद को दोहराओ",
        "userDefined": true
      }
    ],
    "isTemplate": false,
    "count": 0
  },
  {
    "id": "34685809-8199-40fd-b885-80eef038cc7c",
    "data": [
      {
        "text": "दोबारा बोलो",
        "userDefined": true
      }
    ],
    "isTemplate": false,
    "count": 0
  },
  {
    "id": "b14d0fdf-9a58-46ed-9292-50065af97a9e",
    "data": [
      {
        "text": "क्या तुम फिर से कह सकती हो",
        "userDefined": true
      }
    ],
    "isTemplate": false,
    "count": 0
  },
  {
    "id": "2ea0f158-22d6-48ad-950f-e25d71cb028b",
    "data": [
      {
        "text": "ये नतीजे दोहराओ",
        "userDefined": true
      }
    ],
    "isTemplate": false,
    "count": 0
  }
]