[
  {
    "id": "12326190-9522-4f1d-88dc-f1d1ee636a80",
    "data": [
      {
        "text": "ज़्यादा जानकारी",
        "userDefined": true
      }
    ],
    "isTemplate": false,
    "count": 0
  },
  {
    "id": "dd72d5a8-3b28-48d5-ae57-c8bab3b7105a",
    "data": [
      {
        "text": "और क्या?",
        "userDefined": true
      }
    ],
    "isTemplate": false,
    "count": 0
  },
  {
    "id": "3a95742c-9ae2-4d66-9d04-9a098d904baa",
    "data": [
      {
        "text": "और कुछ",
        "userDefined": true
      }
    ],
    "isTemplate": false,
    "count": 0
  },
  {
    "id": "70bbe99e-aec9-48f2-9c69-74154b26f145",
    "data": [
      {
        "text": "दूसरे नतीजे",
        "userDefined": true
      }
    ],
    "isTemplate": false,
    "count": 0
  },
  {
    "id": "44aa54c7-0600-4e04-bdef-e3058c201ffc",
    "data": [
      {
        "text": "और कुछ दिखाओ",
        "userDefined": true
      }
    ],
    "isTemplate": false,
    "count": 0
  },
  {
    "id": "9da37796-3a41-4739-84b6-5ff80f0ea1c6",
    "data": [
      {
        "text": "और भी हैं",
        "userDefined": true
      }
    ],
    "isTemplate": false,
    "count": 0
  },
  {
    "id": "7600ee05-9592-40cf-9e23-d693bebdd067",
    "data": [
      {
        "text": "और नतीजे",
        "userDefined": true
      }
    ],
    "isTemplate": false,
    "count": 0
  },
  {
    "id": "87e52837-53ac-4777-b6a5-680f8ceafb53",
    "data": [
      {
        "text": "और कुछ बताओ",
        "userDefined": true
      }
    ],
    "isTemplate": false,
    "count": 0
  },
  {
    "id": "9bed3668-2a66-475f-8a5b-672e79416197",
    "data": [
      {
        "text": "और",
        "userDefined": true
      }
    ],
    "isTemplate": false,
    "count": 0
  }
]