[
  {
    "id": "e4f6d829-cdbd-4ae4-bb8a-f6e2a9c609b7",
    "data": [
      {
        "text": "shades",
        "userDefined": false
      }
    ],
    "isTemplate": false,
    "count": 0,
    "updated": 1525080891
  },
  {
    "id": "94d0f07c-61b6-4b1a-8a20-f344a3abc950",
    "data": [
      {
        "text": "sunglasses",
        "userDefined": false
      }
    ],
    "isTemplate": false,
    "count": 0,
    "updated": 1525080891
  },
  {
    "id": "a2914eee-51e9-4129-9d59-0620cd63f3a5",
    "data": [
      {
        "text": "glasses",
        "userDefined": false
      }
    ],
    "isTemplate": false,
    "count": 0,
    "updated": 1525080891
  }
]