[
  {
    "id": "e0b56d6a-73cd-47cd-9fa9-7bd2a771bf4f",
    "data": [
      {
        "text": "more recommendations",
        "userDefined": false
      }
    ],
    "isTemplate": false,
    "count": 0,
    "updated": 1525081348
  },
  {
    "id": "e74feafe-317b-4074-a13b-2d39ce022ee2",
    "data": [
      {
        "text": "show more",
        "userDefined": false
      }
    ],
    "isTemplate": false,
    "count": 0,
    "updated": 1525081348
  },
  {
    "id": "866f62e8-be45-45a2-a6ca-48d8dab7e781",
    "data": [
      {
        "text": "show me more",
        "userDefined": false
      }
    ],
    "isTemplate": false,
    "count": 0,
    "updated": 1525081348
  },
  {
    "id": "d6362935-4ae7-4c46-94e9-ea0cc34a284d",
    "data": [
      {
        "text": "are there more",
        "userDefined": false
      }
    ],
    "isTemplate": false,
    "count": 0,
    "updated": 1525081348
  },
  {
    "id": "b4134062-c4ac-41e2-8dc8-a6df42f2d992",
    "data": [
      {
        "text": "what else",
        "userDefined": false
      }
    ],
    "isTemplate": false,
    "count": 0,
    "updated": 0
  },
  {
    "id": "c6e45ca6-3b4b-4220-b266-730839173804",
    "data": [
      {
        "text": "more information",
        "userDefined": false
      }
    ],
    "isTemplate": false,
    "count": 0,
    "updated": 1525081348
  },
  {
    "id": "bf9eb17d-6b92-4f93-bd67-e90999555f5f",
    "data": [
      {
        "text": "other results",
        "userDefined": false
      }
    ],
    "isTemplate": false,
    "count": 0,
    "updated": 1525081348
  },
  {
    "id": "3d9e313d-496a-4582-898f-feb1f3f276c3",
    "data": [
      {
        "text": "tell me more",
        "userDefined": false
      }
    ],
    "isTemplate": false,
    "count": 0,
    "updated": 1525081348
  },
  {
    "id": "8d0e7b5c-0599-4cdf-a79b-564ebe027941",
    "data": [
      {
        "text": "more results",
        "userDefined": false
      }
    ],
    "isTemplate": false,
    "count": 0,
    "updated": 1525081348
  },
  {
    "id": "21a78188-82fd-401d-ac25-321d05c671c7",
    "data": [
      {
        "text": "more",
        "userDefined": false
      }
    ],
    "isTemplate": false,
    "count": 0,
    "updated": 1525081348
  },
  {
    "id": "f5278eac-8d1f-4bf6-90ff-a7c9cf23a1c8",
    "data": [
      {
        "text": "anything else",
        "userDefined": false
      }
    ],
    "isTemplate": false,
    "count": 0,
    "updated": 1525081348
  }
]