[
  {
    "id": "ee9b1677-4ff7-48a2-ad13-2f4749ac0180",
    "data": [
      {
        "text": "tell me more",
        "userDefined": false
      }
    ],
    "isTemplate": false,
    "count": 0,
    "updated": 1525077711
  },
  {
    "id": "e5897e6e-30a5-4ac7-b427-ba37198431e5",
    "data": [
      {
        "text": "show me more",
        "userDefined": false
      }
    ],
    "isTemplate": false,
    "count": 0,
    "updated": 1525077711
  },
  {
    "id": "08539ec9-6cbb-46be-8350-cb584112fd60",
    "data": [
      {
        "text": "are there more",
        "userDefined": false
      }
    ],
    "isTemplate": false,
    "count": 0,
    "updated": 1525077711
  },
  {
    "id": "c60ea5b6-04c9-4699-8a93-ad393ca31ad4",
    "data": [
      {
        "text": "more results",
        "userDefined": false
      }
    ],
    "isTemplate": false,
    "count": 0,
    "updated": 1525077711
  },
  {
    "id": "4ddface8-11f1-402e-966a-69277b249d67",
    "data": [
      {
        "text": "more information",
        "userDefined": false
      }
    ],
    "isTemplate": false,
    "count": 0,
    "updated": 1525077711
  },
  {
    "id": "20697860-dda2-48a8-980f-00d59c9ad4ca",
    "data": [
      {
        "text": "other results",
        "userDefined": false
      }
    ],
    "isTemplate": false,
    "count": 0,
    "updated": 1525077711
  },
  {
    "id": "f7a94495-ad02-47fd-aaa2-30a732bd15b1",
    "data": [
      {
        "text": "anything else",
        "userDefined": false
      }
    ],
    "isTemplate": false,
    "count": 0,
    "updated": 1525077711
  },
  {
    "id": "3f7a196d-4a46-4355-9cb6-a9b1897361f5",
    "data": [
      {
        "text": "more",
        "userDefined": false
      }
    ],
    "isTemplate": false,
    "count": 0,
    "updated": 1525077711
  },
  {
    "id": "1c0acfb1-dcb0-41fd-b160-ffcd0b5ea2a1",
    "data": [
      {
        "text": "what else",
        "userDefined": false
      }
    ],
    "isTemplate": false,
    "count": 0,
    "updated": 1525077711
  }
]