[
  {
    "id": "73ed574f-09d0-4c3e-902f-2d1fe66e161f",
    "data": [
      {
        "text": "दूसरे नतीजे",
        "userDefined": true
      }
    ],
    "isTemplate": false,
    "count": 0
  },
  {
    "id": "9c4fde19-0543-441f-8186-709a41788121",
    "data": [
      {
        "text": "और क्या?",
        "userDefined": true
      }
    ],
    "isTemplate": false,
    "count": 0
  },
  {
    "id": "ea98fcf6-5cc2-496f-865e-20caf434c327",
    "data": [
      {
        "text": "और कुछ दिखाओ",
        "userDefined": true
      }
    ],
    "isTemplate": false,
    "count": 0
  },
  {
    "id": "11111059-a5a0-49fa-915f-5fe1ef5bcaf9",
    "data": [
      {
        "text": "और नतीजे",
        "userDefined": true
      }
    ],
    "isTemplate": false,
    "count": 0
  },
  {
    "id": "2ce2ef27-6302-4359-8d77-27af3c9d563a",
    "data": [
      {
        "text": "और कुछ",
        "userDefined": true
      }
    ],
    "isTemplate": false,
    "count": 0
  },
  {
    "id": "b680a2a3-fffd-471a-90c9-d608c8ebda2c",
    "data": [
      {
        "text": "और",
        "userDefined": true
      }
    ],
    "isTemplate": false,
    "count": 0
  },
  {
    "id": "b1b136de-115f-4bf0-881c-e0fd9e9e8e5d",
    "data": [
      {
        "text": "और भी हैं",
        "userDefined": true
      }
    ],
    "isTemplate": false,
    "count": 0
  },
  {
    "id": "dcd71e79-c736-4d2a-922c-8dc802a9e6ec",
    "data": [
      {
        "text": "ज़्यादा जानकारी",
        "userDefined": true
      }
    ],
    "isTemplate": false,
    "count": 0
  },
  {
    "id": "8fd59d75-0884-4a2b-858d-09da1327f5e3",
    "data": [
      {
        "text": "और कुछ बताओ",
        "userDefined": true
      }
    ],
    "isTemplate": false,
    "count": 0
  }
]