[
  {
    "id": "f2ca1c70-1f4c-4ab1-97d6-b62ef5941ef0",
    "data": [
      {
        "text": "watches",
        "userDefined": false
      }
    ],
    "isTemplate": false,
    "count": 0,
    "updated": 1525077077
  },
  {
    "id": "3beca1de-c593-498c-8cc6-d7debc7f70d2",
    "data": [
      {
        "text": "wrist watch",
        "userDefined": false
      }
    ],
    "isTemplate": false,
    "count": 0,
    "updated": 1525077077
  },
  {
    "id": "0eadf6ec-2715-4e17-8356-90f7973630ef",
    "data": [
      {
        "text": "ladies watch",
        "userDefined": false
      }
    ],
    "isTemplate": false,
    "count": 0,
    "updated": 1525077077
  },
  {
    "id": "2e591972-9e5c-45ac-8c89-ab5b3054db14",
    "data": [
      {
        "text": "watch",
        "userDefined": false
      }
    ],
    "isTemplate": false,
    "count": 0,
    "updated": 1525077077
  }
]