[
  {
    "id": "0f3f4279-d0fa-49f7-a8e1-5921b2bf30e8",
    "data": [
      {
        "text": "necklace",
        "userDefined": false
      }
    ],
    "isTemplate": false,
    "count": 0,
    "updated": 1525078964
  },
  {
    "id": "b9476379-f658-4fa1-a068-14bedd17ca64",
    "data": [
      {
        "text": "wedding",
        "userDefined": false
      }
    ],
    "isTemplate": false,
    "count": 0,
    "updated": 1525078964
  },
  {
    "id": "c5278c7e-8361-4dd6-9430-222798fd85f4",
    "data": [
      {
        "text": "ornament",
        "userDefined": false
      }
    ],
    "isTemplate": false,
    "count": 0,
    "updated": 1525078964
  },
  {
    "id": "f2ac6281-e171-446e-8409-af8e1f73e937",
    "data": [
      {
        "text": "earings",
        "userDefined": false
      }
    ],
    "isTemplate": false,
    "count": 0,
    "updated": 1525078964
  }
]