[
  {
    "id": "050afe5a-6c1c-4fa2-976e-1a5d43297e4b",
    "data": [
      {
        "text": "yeah please",
        "userDefined": false
      }
    ],
    "isTemplate": false,
    "count": 0,
    "updated": 1525944712
  },
  {
    "id": "6e2beacd-8d63-44a5-ba55-ab62409f5bb5",
    "data": [
      {
        "text": "yes sure",
        "userDefined": false
      }
    ],
    "isTemplate": false,
    "count": 0,
    "updated": 1525944712
  },
  {
    "id": "48ef5770-ae3f-4b44-a12e-caf1998ca82e",
    "data": [
      {
        "text": "yeah",
        "userDefined": false
      }
    ],
    "isTemplate": false,
    "count": 0,
    "updated": 1525944712
  },
  {
    "id": "5fc7b20c-5f0e-4f8a-9d40-ffacf254ddbf",
    "data": [
      {
        "text": "yes",
        "userDefined": false
      }
    ],
    "isTemplate": false,
    "count": 0,
    "updated": 1525944712
  }
]