[
	{
		"userId": "ABwppHHYVVxWr7X8X84QCUcuY5tgYz7NRb2SopVTYmjNsXJMWl1sSZCRHicWDjRJ8JyZf3fyoXEhjyk",
		"userData": {
			"data": {},
			"metaData": {
				"createdAt": "2018-04-30T12:54:00.017Z",
				"lastUsedAt": "2018-05-14T16:05:35.705Z",
				"sessionsCount": 15
			}
		}
	},
	{
		"userId": "DIALOGFLOW-DEBUGGING-USER-ID",
		"userData": {
			"data": {},
			"metaData": {
				"createdAt": "2018-04-30T12:56:05.929Z",
				"lastUsedAt": "2018-05-05T09:04:35.108Z",
				"sessionsCount": 131
			}
		}
	},
	{
		"userId": "ABwppHGjjvjiUdWnyWWUmP0lHv_dwfI0Q1pqjBR8JGTaDGj1iTzYqUyoJD8OCAmY6vEgZqjlq6b2xd9g",
		"userData": {
			"data": {},
			"metaData": {
				"createdAt": "2018-05-05T08:46:53.995Z",
				"lastUsedAt": "2018-05-05T08:46:57.378Z"
			}
		}
	},
	{
		"userId": "ABwppHEmTtnzh7qZwi8IdQHn5aAz94jy_5wjDBT22Eef1HhaY7ZeKaL67miKKKWSi3iWi44D6BSJP3NF",
		"userData": {
			"data": {},
			"metaData": {
				"createdAt": "2018-05-05T08:52:03.000Z",
				"lastUsedAt": "2018-05-22T09:57:33.505Z"
			}
		}
	},
	{
		"userId": "ABwppHF_zJ59jA8f-EJnXjTiS__8HJDTYjNauzOG78kZrq8pZeJMoNPfSnjTogfJc_A2RJozra7ZJbnq",
		"userData": {
			"data": {},
			"metaData": {
				"createdAt": "2018-05-05T09:03:25.559Z",
				"lastUsedAt": "2018-05-09T11:47:27.395Z"
			}
		}
	}
]